"CODIGO";"CODIGOTIPOCONTA";"ID";"DESCRICAO";"USUARIO";"DHMODIFICACAO"
"1,000000";"4,000000";"D";"Despesas com Hospedagem";"KATIA";"03/02/2004 14:43"
"3,000000";"4,000000";"D";"Despesas com Serviço de Diagramação/Digitalização";"KATIA";"03/02/2004 14:44"
"4,000000";"4,000000";"D";"Despesas com Pró-labore";"KATIA";"03/02/2004 14:50"
"8,000000";"4,000000";"D";"Cota de";"KATIA";"03/02/2004 14:52"
"9,000000";"4,000000";"D";"Despesas com Almoxarifado";"KATIA";"03/02/2004 14:52"
"10,000000";"4,000000";"D";"Despesas com Anuidade";"KATIA";"03/02/2004 14:52"
"11,000000";"4,000000";"D";"Despesas com Associações";"NUNO";"03/03/2017 15:18"
"14,000000";"4,000000";"D";"Despesas com Inscrições";"S3011130";"18/08/2005 16:25"
"15,000000";"4,000000";"D";"Despesas com Material de Consumo";"KATIA";"03/02/2004 14:54"
"16,000000";"4,000000";"D";"Despesas com Palestras";"KATIA";"03/02/2004 14:55"
"17,000000";"4,000000";"D";"Despesas com Conferências";"NUNO";"03/03/2017 15:19"
"18,000000";"4,000000";"D";"Despesas com Passagens aéreas";"KATIA";"03/02/2004 14:55"
"19,000000";"4,000000";"D";"Despesas com Serviços Gráficos";"KATIA";"03/02/2004 14:56"
"20,000000";"4,000000";"D";"Despesas com Serviços Postais";"KATIA";"03/02/2004 14:56"
"21,000000";"4,000000";"D";"Despesas com Serviços Postais - C.E Japoneses";"KATIA";"03/02/2004 14:56"
"22,000000";"4,000000";"D";"Despesas com Serviços Postais - C.E Judaicos";"KATIA";"03/02/2004 14:56"
"23,000000";"4,000000";"D";"Despesas com Vales Refeições";"KATIA";"03/02/2004 14:57"
"24,000000";"4,000000";"D";"Despesas com Xerox - Valor Estimado";"NUNO";"03/09/2008 09:54"
"25,000000";"4,000000";"D";"Despesas com Xerox - Valor Real";"NUNO";"03/09/2008 09:57"
"26,000000";"4,000000";"D";"Despesas com Xerox - Valor Estimado (Estorno)";"NUNO";"03/09/2008 09:56"
"28,000000";"4,000000";"D";"Pagamento de Monitor- Bolsista";"KATIA";"04/02/2004 10:39"
"29,000000";"4,000000";"D";"Suplementação Pagamento de Cursos";"S3011130";"18/08/2005 16:26"
"31,000000";"4,000000";"D";"Transferência de saldo da Renda para saldar débito";"KATIA";"04/02/2004 10:40"
"32,000000";"4,000000";"D";"Transferência de saldo da Renda para saldar parte do débito";"KATIA";"04/02/2004 10:41"
"34,000000";"4,000000";"D";"Despesas com Conserto";"S3011130";"18/08/2005 16:24"
"35,000000";"4,000000";"D";"Despesas com Editorações";"KATIA";"04/02/2004 10:41"
"37,000000";"4,000000";"D";"Despesas com CCE";"KATIA";"04/02/2004 10:43"
"38,000000";"4,000000";"O";"Contrato";"KATIA";"04/02/2004 10:43"
"39,000000";"4,000000";"O";"CS Nº PB";"KATIA";"04/02/2004 10:44"
"40,000000";"4,000000";"O";"Processo nº";"KATIA";"04/02/2004 10:44"
"41,000000";"4,000000";"O";"Requisição nº";"KATIA";"04/02/2004 10:44"
"42,000000";"4,000000";"O";"Ref. Janeiro/2018";"NUNO";"24/01/2018 10:01"
"43,000000";"4,000000";"O";"Ref. Fevereiro/2018";"NUNO";"24/01/2018 10:01"
"44,000000";"4,000000";"O";"Ref. Março/2018";"NUNO";"24/01/2018 10:02"
"45,000000";"4,000000";"O";"Ref. Abril/2018";"NUNO";"24/01/2018 10:00"
"46,000000";"4,000000";"O";"Ref. Maio/2018";"NUNO";"24/01/2018 10:02"
"47,000000";"4,000000";"O";"Ref. Junho/2018";"NUNO";"24/01/2018 10:02"
"48,000000";"4,000000";"O";"Ref. Julho/2018";"NUNO";"24/01/2018 10:01"
"49,000000";"4,000000";"O";"Ref. Agosto/2018";"NUNO";"24/01/2018 10:00"
"50,000000";"4,000000";"O";"Ref. Setembro/2018";"NUNO";"24/01/2018 10:03"
"51,000000";"4,000000";"O";"Ref. Outubro/2018";"NUNO";"24/01/2018 10:03"
"52,000000";"4,000000";"O";"Ref. Novembro/2018";"NUNO";"24/01/2018 10:02"
"53,000000";"4,000000";"O";"Ref. Dezembro/2018";"NUNO";"24/01/2018 10:01"
"55,000000";"4,000000";"O";"Transferência Financeira nº";"KATIA";"04/02/2004 10:48"
"57,000000";"5,000000";"D";"Inscrição Curso";"S3011130";"18/08/2005 16:32"
"58,000000";"5,000000";"D";"Anulação parcial de Guia Recolh. nº";"KATIA";"04/02/2004 10:49"
"59,000000";"5,000000";"D";"Despesas com";"S3011130";"18/08/2005 16:31"
"60,000000";"5,000000";"D";"Suplementação Ressarcimento Comut";"S3011130";"19/08/2005 09:04"
"61,000000";"5,000000";"D";"Pagamento de Estagiarios";"KATIA";"04/02/2004 10:51"
"62,000000";"4,000000";"D";"Despesas com Pagamento de";"KATIA";"04/02/2004 10:51"
"63,000000";"5,000000";"D";"Transferência de saldo do Exercício Anterior";"KATIA";"04/02/2004 10:56"
"64,000000";"5,000000";"D";"Venda de Cupons Comut";"S3011130";"18/08/2005 16:32"
"68,000000";"5,000000";"D";"Despesas com Anuidades";"KATIA";"04/02/2004 10:58"
"69,000000";"5,000000";"D";"Despesas com Auxilio Professor Visitante";"S3011130";"19/08/2005 08:58"
"70,000000";"5,000000";"D";"Recolhimentos com Prestações de Serviços";"KATIA";"04/02/2004 11:00"
"71,000000";"5,000000";"D";"Despesas com colaboradores Eventuais";"KATIA";"04/02/2004 13:45"
"72,000000";"5,000000";"D";"Venda de Publicações";"KATIA";"04/02/2004 13:46"
"73,000000";"5,000000";"D";"Venda Edusp";"KATIA";"04/02/2004 13:46"
"74,000000";"5,000000";"D";"Pagamento de Funcionários de Admissão Transitória";"KATIA";"04/02/2004 13:47"
"75,000000";"5,000000";"D";"Devolução parcial de Pagamento de Cursos";"KATIA";"04/02/2004 13:47"
"76,000000";"5,000000";"D";"Suplementação Atualização de Cotas";"KATIA";"04/02/2004 13:48"
"78,000000";"5,000000";"O";"OF. TES/FFLCH Nº";"KATIA";"04/02/2004 13:51"
"79,000000";"5,000000";"O";"Guia de Recolhimento nº";"S3011130";"19/08/2005 09:03"
"80,000000";"24,000000";"D";"Anulação parcial Emp. Adtº nº";"SYSDBA";"18/08/2005 11:07"
"81,000000";"24,000000";"D";"Anulação parcial Emp. Ord. nº";"SYSDBA";"18/08/2005 11:07"
"82,000000";"24,000000";"D";"Anulação total Emp. Ord. nº";"SYSDBA";"18/08/2005 11:07"
"83,000000";"24,000000";"D";"Empenho Ordinário -";"SYSDBA";"18/08/2005 11:07"
"84,000000";"24,000000";"D";"Estorno da Reserva";"SYSDBA";"18/08/2005 11:07"
"85,000000";"24,000000";"D";"Redução Receita nº";"SYSDBA";"18/08/2005 11:07"
"86,000000";"24,000000";"D";"Redução Transpos. nº";"SYSDBA";"18/08/2005 11:07"
"87,000000";"24,000000";"D";"Reforço da Reserva";"S3011130";"18/08/2005 13:39"
"88,000000";"24,000000";"D";"Reserva";"SYSDBA";"18/08/2005 11:07"
"89,000000";"24,000000";"D";"Suplementação de Cursos";"S3011130";"10/05/2006 14:57"
"90,000000";"24,000000";"D";"Suplementação Comut";"S3011130";"10/05/2006 14:44"
"91,000000";"24,000000";"D";"Suplementação de Guia de Recolhimento Doação";"SYSDBA";"18/08/2005 11:07"
"92,000000";"24,000000";"D";"Suplementação de Guia de Recolhimento Aluguéis";"SYSDBA";"18/08/2005 11:07"
"93,000000";"24,000000";"D";"Suplementação de Guia de Recolhimento  Reembolso";"SYSDBA";"18/08/2005 11:07"
"94,000000";"24,000000";"D";"Suplementação de Guia de Recolhimento Curso Esp. PRPG";"SYSDBA";"18/08/2005 11:07"
"95,000000";"24,000000";"D";"Suplementação de Guia de Recolhimento Multas (FFLCH)";"SYSDBA";"18/08/2005 11:07"
"96,000000";"24,000000";"D";"Suplementação de Guia de Recolhimento Prestação de Serviços";"SYSDBA";"18/08/2005 11:07"
"97,000000";"24,000000";"D";"Suplementação de Guia de Recolhimento Taxas";"S3011130";"18/08/2005 13:47"
"98,000000";"24,000000";"D";"Suplementação de Guia de Recolhimento Vendas";"SYSDBA";"18/08/2005 11:07"
"99,000000";"24,000000";"D";"Suplementação de Guia de Recolhimento Fundo de taxas";"SYSDBA";"18/08/2005 11:07"
"100,000000";"24,000000";"D";"Suplementação Taxa Record";"S3011130";"10/05/2006 09:28"
"101,000000";"24,000000";"D";"Suplementação de Projetos Especiais";"SYSDBA";"18/08/2005 11:07"
"103,000000";"24,000000";"D";"Suplementação de Guia de Recolhimento Multa (REITORIA)";"SYSDBA";"18/08/2005 11:07"
"105,000000";"24,000000";"D";"Anulação parcial da Guia Recolhimento nº";"SYSDBA";"18/08/2005 11:07"
"106,000000";"24,000000";"D";"Empenho Estimativa -";"SYSDBA";"18/08/2005 11:07"
"107,000000";"24,000000";"D";"Suplementação de Consignações";"SYSDBA";"18/08/2005 11:07"
"108,000000";"24,000000";"O";"Suplementação Curso";"SYSDBA";"18/08/2005 11:07"
"109,000000";"24,000000";"O";"Seguro de Monitores";"SYSDBA";"18/08/2005 11:07"
"110,000000";"24,000000";"O";"Almoxarifado Rusp";"SYSDBA";"18/08/2005 11:07"
"111,000000";"24,000000";"O";"Combustíveis (PCO)";"SYSDBA";"18/08/2005 11:07"
"112,000000";"24,000000";"O";"Pagamento Cópias Reprográficas";"NUNO";"03/09/2008 09:34"
"113,000000";"24,000000";"O";"Seguro Cosesp";"SYSDBA";"18/08/2005 11:07"
"114,000000";"24,000000";"O";"Vale Refeição";"SYSDBA";"18/08/2005 11:07"
"116,000000";"24,000000";"O";"Estagiários";"SYSDBA";"18/08/2005 11:07"
"117,000000";"24,000000";"O";"Hora Extra";"SYSDBA";"18/08/2005 11:07"
"118,000000";"24,000000";"O";"Processo nº";"SYSDBA";"18/08/2005 11:07"
"119,000000";"24,000000";"O";"Transferência Finan. nº";"SYSDBA";"18/08/2005 11:07"
"121,000000";"24,000000";"O";"Ref. Janeiro/2018";"NUNO";"24/01/2018 09:55"
"122,000000";"24,000000";"O";"Ref. Fevereiro/2018";"NUNO";"24/01/2018 09:54"
"123,000000";"24,000000";"O";"Ref. Março/2018";"NUNO";"24/01/2018 09:56"
"124,000000";"24,000000";"O";"Ref. Abril/2018";"NUNO";"24/01/2018 09:53"
"125,000000";"24,000000";"O";"Ref. Maio/2018";"NUNO";"24/01/2018 09:55"
"126,000000";"24,000000";"O";"Ref. Junho/2018";"NUNO";"24/01/2018 09:55"
"127,000000";"24,000000";"O";"Ref. Julho/2018";"NUNO";"24/01/2018 09:55"
"128,000000";"24,000000";"O";"Ref. Agosto/2018";"NUNO";"24/01/2018 09:54"
"129,000000";"24,000000";"O";"Ref. Setembro/2018";"NUNO";"24/01/2018 09:57"
"130,000000";"24,000000";"O";"Ref. Outubro/2018";"NUNO";"24/01/2018 09:56"
"131,000000";"24,000000";"O";"Ref. Novembro/2018";"NUNO";"24/01/2018 09:56"
"132,000000";"24,000000";"O";"Ref. Dezembro/2018";"NUNO";"24/01/2018 09:54"
"133,000000";"24,000000";"D";"Transferência do Saldo do Exercício Anterior";"SYSDBA";"18/08/2005 11:07"
"134,000000";"24,000000";"D";"Suplementação Receita nº";"NUNO";"06/05/2016 10:19"
"136,000000";"4,000000";"D";"Transferêcia de Saldo do Exercicío Anterior";"KATIA";"17/02/2004 16:15"
"144,000000";"24,000000";"D";"Adiantamento  331401 -";"S3011130";"10/05/2006 14:58"
"145,000000";"24,000000";"D";"Adiantamento  333010 -";"S3011130";"10/05/2006 14:59"
"146,000000";"24,000000";"D";"Adiantamento  333021 -";"S3011130";"10/05/2006 14:59"
"147,000000";"24,000000";"D";"Adiantamento  333022 -";"KATIA";"26/08/2004 11:14"
"148,000000";"24,000000";"D";"Adiantamento  333033 -";"S3011130";"10/05/2006 14:59"
"149,000000";"24,000000";"D";"Adiantamento  333041 -";"KATIA";"26/08/2004 11:15"
"150,000000";"24,000000";"D";"Adiantamento  333050 -";"KATIA";"26/08/2004 11:16"
"151,000000";"24,000000";"D";"Adiantamento  333052 -";"KATIA";"26/08/2004 11:16"
"152,000000";"24,000000";"D";"Adiantamento  333060 -";"KATIA";"26/08/2004 11:16"
"153,000000";"24,000000";"D";"Adiantamento  333061 -";"KATIA";"26/08/2004 11:16"
"154,000000";"24,000000";"D";"Adiantamento  333090 -";"KATIA";"26/08/2004 11:16"
"155,000000";"24,000000";"D";"Adiantamento  333343 -";"KATIA";"26/08/2004 11:17"
"156,000000";"24,000000";"D";"Adiantamento  333345 -";"KATIA";"26/08/2004 11:17"
"157,000000";"24,000000";"D";"Adiantamento  333501 -";"KATIA";"26/08/2004 11:17"
"158,000000";"24,000000";"D";"Adiantamento  333611 -";"KATIA";"26/08/2004 11:17"
"159,000000";"24,000000";"D";"Adiantamento  333612 -";"KATIA";"26/08/2004 11:17"
"160,000000";"24,000000";"D";"Adiantamento  333616 -";"KATIA";"26/08/2004 11:18"
"161,000000";"24,000000";"D";"Adiantamento  333796 -";"KATIA";"26/08/2004 11:18"
"162,000000";"24,000000";"D";"Adiantamento  333919 -";"KATIA";"26/08/2004 11:18"
"163,000000";"24,000000";"D";"Adiantamento  333920 -";"KATIA";"26/08/2004 11:18"
"164,000000";"24,000000";"D";"Adiantamento  333936 -";"KATIA";"26/08/2004 11:18"
"165,000000";"24,000000";"D";"Adiantamento  333943 -";"KATIA";"26/08/2004 11:18"
"166,000000";"24,000000";"D";"Adiantamento  333945 -";"KATIA";"26/08/2004 11:19"
"167,000000";"24,000000";"D";"Adiantamento  333980 -";"KATIA";"26/08/2004 11:19"
"169,000000";"24,000000";"D";"Adiantamento  333983 -";"KATIA";"26/08/2004 11:21"
"170,000000";"24,000000";"D";"Adiantamento  333992 -";"KATIA";"26/08/2004 11:22"
"171,000000";"24,000000";"D";"Adiantamento  333999 -";"KATIA";"26/08/2004 11:22"
"172,000000";"24,000000";"D";"Adiantamento  335016 -";"KATIA";"26/08/2004 11:22"
"173,000000";"24,000000";"D";"Adiantamento  339220 -";"KATIA";"26/08/2004 11:22"
"174,000000";"24,000000";"D";"Adiantamento  445130 -";"KATIA";"26/08/2004 11:22"
"175,000000";"24,000000";"D";"Adiantamento  445220 -";"KATIA";"26/08/2004 11:23"
"176,000000";"24,000000";"D";"Adiantamento  445232 -";"KATIA";"26/08/2004 11:23"
"177,000000";"24,000000";"D";"Adiantamento  445233 -";"KATIA";"26/08/2004 11:23"
"178,000000";"24,000000";"D";"Adiantamento  445234 -";"KATIA";"26/08/2004 11:23"
"180,000000";"24,000000";"D";"Suplementação do Grupo 082";"S3011130";"18/08/2005 13:48"
"181,000000";"24,000000";"D";"Suplementação do Grupo 083";"S3011130";"18/08/2005 13:48"
"182,000000";"24,000000";"D";"Suplementação do Grupo 084";"S3011130";"18/08/2005 13:49"
"183,000000";"24,000000";"D";"Suplementação do Grupo 857";"S3011130";"18/08/2005 13:49"
"184,000000";"24,000000";"D";"Suplementação do Grupo 174";"S3011130";"18/08/2005 13:49"
"185,000000";"24,000000";"D";"Suplementação do Grupo 159";"S3011130";"18/08/2005 13:49"
"186,000000";"4,000000";"D";"Despesas com Auxí­lio Prof. Visitante";"NUNO";"03/03/2017 15:19"
"188,000000";"5,000000";"D";"Despesas com Almoxarifado";"S3011130";"19/08/2005 09:55"
"189,000000";"5,000000";"D";"Despesas com Anuidade";"S3011130";"19/08/2005 10:09"
"190,000000";"5,000000";"D";"Despesas com CCE";"S3011130";"19/08/2005 10:10"
"191,000000";"5,000000";"D";"Despesas com Conferência";"S3011130";"19/08/2005 10:10"
"192,000000";"5,000000";"D";"Despesas com Diárias";"S3011130";"19/08/2005 10:10"
"193,000000";"5,000000";"D";"Despesas com Editorações";"S3011130";"19/08/2005 10:10"
"194,000000";"5,000000";"D";"Despesas com Hospedagem";"S3011130";"19/08/2005 10:11"
"195,000000";"5,000000";"D";"Despesas com Inscrições";"S3011130";"19/08/2005 10:11"
"196,000000";"5,000000";"D";"Despesas com Palestras";"S3011130";"19/08/2005 10:12"
"197,000000";"5,000000";"D";"Despesas com Passagem Aérea";"S3011130";"19/08/2005 10:12"
"198,000000";"5,000000";"D";"Despesas com Pró-Labore";"S3011130";"19/08/2005 10:12"
"199,000000";"5,000000";"D";"Despesas com Serviços Gráficos";"S3011130";"19/08/2005 10:13"
"200,000000";"5,000000";"D";"Despesas com Vale Refeições";"S3011130";"19/08/2005 10:13"
"201,000000";"5,000000";"D";"Pagamento de Monitor-Bolsista";"S3011130";"19/08/2005 10:13"
"202,000000";"5,000000";"O";"Contrato";"S3011130";"19/08/2005 10:21"
"203,000000";"5,000000";"O";"Processo nº";"S3011130";"19/08/2005 10:21"
"204,000000";"5,000000";"O";"Requisição nº";"S3011130";"19/08/2005 10:21"
"205,000000";"5,000000";"O";"Transf. Financeira nº";"S3011130";"19/08/2005 10:21"
"206,000000";"11,000000";"D";"Despesas com";"S3011130";"19/08/2005 11:04"
"207,000000";"11,000000";"D";"Despesas com Auxílio Prof. Visitante";"S3011130";"19/08/2005 11:04"
"208,000000";"11,000000";"D";"Despesas com Conferência";"S3011130";"19/08/2005 11:07"
"209,000000";"11,000000";"D";"Despesas com Diárias";"S3011130";"19/08/2005 11:07"
"210,000000";"11,000000";"D";"Despesas com Hospedagem";"S3011130";"19/08/2005 11:08"
"211,000000";"11,000000";"D";"Despesas com Inscrições";"S3011130";"19/08/2005 11:08"
"212,000000";"11,000000";"D";"Despesas com Palestra";"S3011130";"19/08/2005 11:09"
"213,000000";"11,000000";"D";"Despesas com Passagem Aérea";"S3011130";"19/08/2005 11:09"
"214,000000";"11,000000";"D";"Despesas com Pró-Labore";"S3011130";"19/08/2005 11:09"
"215,000000";"11,000000";"D";"Despesas com Serviço de Diagramação/Digitalização";"S3011130";"19/08/2005 11:09"
"216,000000";"11,000000";"D";"Despesas com Serviços Gráficos";"S3011130";"19/08/2005 11:10"
"217,000000";"11,000000";"D";"Despesas com Serviços Postais";"S3011130";"19/08/2005 11:10"
"218,000000";"11,000000";"D";"Despesas com Vale Refeição";"S3011130";"19/08/2005 11:10"
"219,000000";"11,000000";"D";"Pagamento Monitor-Bolsista";"S3011130";"19/08/2005 11:11"
"220,000000";"11,000000";"D";"Transf. de Saldo Exercício Anterior";"S3011130";"19/08/2005 11:11"
"221,000000";"11,000000";"O";"CS PB Nº";"S3011130";"19/08/2005 11:12"
"222,000000";"11,000000";"O";"Contrato";"S3011130";"19/08/2005 11:12"
"223,000000";"11,000000";"O";"Processo nº";"S3011130";"19/08/2005 11:12"
"224,000000";"11,000000";"O";"Requisição nº";"S3011130";"19/08/2005 11:13"
"225,000000";"11,000000";"O";"Transf. Financeira nº";"S3011130";"19/08/2005 11:13"
"226,000000";"8,000000";"D";"Despesas com Hospedagem";"S3011130";"19/08/2005 14:39"
"227,000000";"8,000000";"D";"Despesas com Aux. Prof. Visitante";"S3011130";"19/08/2005 14:40"
"228,000000";"8,000000";"D";"Despesas com Afiação";"S3011130";"19/08/2005 14:40"
"229,000000";"8,000000";"D";"Despesas com Taxi";"S3011130";"19/08/2005 14:40"
"230,000000";"8,000000";"D";"Despesas com Refeição";"S3011130";"19/08/2005 14:40"
"231,000000";"8,000000";"D";"Despesas com Transporte";"S3011130";"19/08/2005 14:41"
"232,000000";"8,000000";"D";"Despesas com Serv. Diagramação/Digitalização";"S3011130";"19/08/2005 14:41"
"233,000000";"8,000000";"D";"Suplementação Desp. Serv. Digit. e Rev. Textos";"S3011130";"19/08/2005 14:42"
"234,000000";"8,000000";"D";"Despesas com Passagem Aérea";"S3011130";"19/08/2005 14:42"
"235,000000";"8,000000";"D";"Despesas com Palestras";"S3011130";"19/08/2005 14:42"
"236,000000";"8,000000";"D";"Despesas com Serviços Gráficos";"S3011130";"19/08/2005 14:43"
"237,000000";"8,000000";"D";"Despesas com Vale Refeição";"S3011130";"19/08/2005 14:43"
"238,000000";"8,000000";"D";"Suplementação Despesas com Serviços Gráficos";"S3011130";"19/08/2005 14:43"
"239,000000";"8,000000";"D";"Cota de";"S3011130";"19/08/2005 14:44"
"240,000000";"8,000000";"D";"Valor Estimado para 2007";"RETOMA";"09/03/2007 14:55"
"241,000000";"8,000000";"D";"Despesas com Material de Consumo - Publicação";"S3011130";"19/08/2005 14:44"
"242,000000";"8,000000";"D";"Despesas com Material de Consumo - Gráfica";"S3011130";"19/08/2005 14:45"
"243,000000";"8,000000";"D";"Despesas com Almoxarifado - Publicação";"S3011130";"19/08/2005 14:45"
"244,000000";"8,000000";"D";"Despesas com Almoxarifado - Gráfica";"S3011130";"19/08/2005 14:45"
"245,000000";"8,000000";"D";"Despesas com";"S3011130";"19/08/2005 14:46"
"246,000000";"8,000000";"D";"Suplementação Despesas com Hospedagem";"S3011130";"19/08/2005 14:46"
"247,000000";"8,000000";"D";"Suplementação Despesas com Cupom de Pedágio";"S3011130";"19/08/2005 14:46"
"248,000000";"8,000000";"D";"Suplementação Despesas com Pró-Labore";"S3011130";"19/08/2005 14:47"
"249,000000";"8,000000";"D";"Suplementação Despesas com Palestra";"S3011130";"19/08/2005 14:54"
"250,000000";"8,000000";"D";"Suplementação Despesas com Conferência";"S3011130";"19/08/2005 14:54"
"251,000000";"8,000000";"D";"Pagamento de Monitor-Bolsista";"S3011130";"19/08/2005 14:55"
"252,000000";"8,000000";"D";"Suplementação Despesas com Passagem Aérea";"S3011130";"19/08/2005 14:55"
"253,000000";"8,000000";"D";"Despesas com Material de Consumo";"S3011130";"19/08/2005 14:56"
"254,000000";"8,000000";"D";"Despesas com Almoxarifado";"S3011130";"19/08/2005 14:56"
"255,000000";"8,000000";"D";"Despesas com Plastificação";"S3011130";"19/08/2005 14:56"
"256,000000";"8,000000";"D";"Despesas com Conserto";"S3011130";"19/08/2005 14:56"
"257,000000";"8,000000";"D";"Despesas com Diárias";"S3011130";"19/08/2005 15:00"
"258,000000";"8,000000";"D";"Suplementação 10% Pagamento de Cursos";"S3011130";"19/08/2005 15:00"
"259,000000";"8,000000";"D";"Apoio Evento";"S3011130";"19/08/2005 15:01"
"260,000000";"8,000000";"D";"Despesas com Combustíveis GNV";"S3011130";"19/08/2005 15:01"
"261,000000";"8,000000";"D";"Despesas com Xerox - Valor Real";"S3011130";"19/08/2005 15:01"
"262,000000";"8,000000";"D";"Despesas com Xerox - Valor Estimado";"S3011130";"19/08/2005 15:02"
"263,000000";"8,000000";"D";"Despesas com Serviços Postais - Gráfica";"S3011130";"19/08/2005 15:02"
"264,000000";"8,000000";"D";"Despesas com Compra Cupom Pedágio";"S3011130";"19/08/2005 15:03"
"265,000000";"8,000000";"O";"Reembolso Tesouraria";"S3011130";"19/08/2005 15:11"
"266,000000";"8,000000";"O";"CS PB Nº";"S3011130";"19/08/2005 15:11"
"267,000000";"8,000000";"O";"Contrato";"S3011130";"19/08/2005 15:12"
"268,000000";"8,000000";"O";"Processo nº";"S3011130";"19/08/2005 15:12"
"269,000000";"8,000000";"O";"Requisição nº";"S3011130";"19/08/2005 15:12"
"270,000000";"8,000000";"O";"Transf. Financeira";"S3011130";"19/08/2005 15:12"
"271,000000";"8,000000";"O";"Ref. Abril/2018";"NUNO";"24/01/2018 10:06"
"272,000000";"8,000000";"O";"Ref. Agosto/2018";"NUNO";"24/01/2018 10:06"
"273,000000";"8,000000";"O";"Ref. Dezembro/2018";"NUNO";"24/01/2018 10:07"
"274,000000";"8,000000";"O";"Ref. Fevereiro/2018";"NUNO";"24/01/2018 10:07"
"275,000000";"8,000000";"O";"Ref. Janeiro/2018";"NUNO";"24/01/2018 10:07"
"276,000000";"8,000000";"O";"Ref. Julho/2018";"NUNO";"24/01/2018 10:07"
"277,000000";"8,000000";"O";"Ref. Junho/2018";"NUNO";"24/01/2018 10:08"
"278,000000";"8,000000";"O";"Ref. Maio/2018";"NUNO";"24/01/2018 10:08"
"279,000000";"8,000000";"O";"Ref. Março/2018";"NUNO";"24/01/2018 10:08"
"280,000000";"8,000000";"O";"Ref. Novembro/2018";"NUNO";"24/01/2018 10:09"
"281,000000";"8,000000";"O";"Ref. Outubro/2018";"NUNO";"24/01/2018 10:09"
"282,000000";"8,000000";"O";"Ref. Setembro/2018";"NUNO";"24/01/2018 10:09"
"283,000000";"7,000000";"D";"Despesas com Almoxarifado";"S3011130";"19/08/2005 15:54"
"284,000000";"7,000000";"D";"Despesas com Almoxarifado - Verba Convênio";"S3011130";"19/08/2005 15:54"
"285,000000";"7,000000";"D";"Despesas com Material de Consumo";"S3011130";"19/08/2005 15:54"
"286,000000";"7,000000";"D";"Despesas com Serviços Postais";"S3011130";"19/08/2005 15:55"
"287,000000";"7,000000";"D";"Despesas Miúdas";"GOLIM";"10/01/2008 14:18"
"288,000000";"7,000000";"D";"Despesas Miúdas - Suplementação Diagramação/Digitalização";"S3011130";"19/08/2005 15:56"
"289,000000";"7,000000";"O";"Ref. Janeiro/2018";"NUNO";"24/01/2018 09:45"
"290,000000";"7,000000";"O";"Ref. Fevereiro/2018";"NUNO";"24/01/2018 09:44"
"291,000000";"7,000000";"O";"Ref. Março/2018";"NUNO";"24/01/2018 09:46"
"292,000000";"7,000000";"O";"Ref. Abril/2018";"NUNO";"24/01/2018 09:44"
"293,000000";"7,000000";"O";"Ref. Maio/2018";"NUNO";"24/01/2018 09:45"
"295,000000";"7,000000";"O";"Ref. Junho/2018";"NUNO";"24/01/2018 09:45"
"296,000000";"7,000000";"O";"Ref. Julho/2018";"NUNO";"24/01/2018 09:45"
"297,000000";"7,000000";"O";"Ref. Agosto/2018";"NUNO";"24/01/2018 09:44"
"298,000000";"7,000000";"O";"Ref. Setembro/2018";"NUNO";"24/01/2018 09:46"
"299,000000";"7,000000";"O";"Ref. Outubro/2018";"NUNO";"24/01/2018 09:46"
"300,000000";"7,000000";"O";"Ref. Novembro/2018";"NUNO";"24/01/2018 09:46"
"301,000000";"7,000000";"O";"Ref. Dezembro/2018";"NUNO";"24/01/2018 09:44"
"302,000000";"5,000000";"O";"Ref. Abril/2018";"NUNO";"24/01/2018 10:15"
"303,000000";"5,000000";"O";"Ref. Agosto/2018";"NUNO";"24/01/2018 10:15"
"304,000000";"5,000000";"O";"Ref. Dezembro/2018";"NUNO";"24/01/2018 10:16"
"305,000000";"5,000000";"O";"Ref. Fevereiro/2018";"NUNO";"24/01/2018 10:16"
"306,000000";"5,000000";"O";"Ref. Janeiro/2018";"NUNO";"24/01/2018 10:16"
"307,000000";"5,000000";"O";"Ref. Julho/2018";"NUNO";"24/01/2018 10:16"
"308,000000";"5,000000";"O";"Ref. Junho/2018";"NUNO";"24/01/2018 10:17"
"309,000000";"5,000000";"O";"Ref. Maio/2018";"NUNO";"24/01/2018 10:17"
"310,000000";"5,000000";"O";"Ref. Março/2018";"NUNO";"24/01/2018 10:17"
"311,000000";"5,000000";"O";"Ref. Novembro/2018";"NUNO";"24/01/2018 10:17"
"312,000000";"5,000000";"O";"Ref. Outubro/2018";"NUNO";"24/01/2018 10:18"
"313,000000";"5,000000";"O";"Ref. Setembro/2018";"NUNO";"24/01/2018 10:18"
"314,000000";"24,000000";"D";"SALDO INICIAL";"S3011130";"26/08/2005 10:34"
"315,000000";"24,000000";"D";"Adiantamento  333799 -";"S3011130";"10/05/2006 14:59"
"317,000000";"24,000000";"D";"Suplementação de Anulação do Exercicio de 2006";"RETOMA";"14/02/2007 14:54"
"318,000000";"24,000000";"D";"Suplementação de Cursos - Alemão DAAD/CCINT";"S3011130";"26/04/2006 09:04"
"319,000000";"24,000000";"O";"Admissão Transitória";"S3011130";"10/05/2006 14:50"
"320,000000";"24,000000";"O";"Guia Recolhimento nº";"S3011130";"10/05/2006 15:03"
"321,000000";"24,000000";"D";"Suplementação Transp. Int. nº";"S3011130";"11/05/2006 16:17"
"322,000000";"7,000000";"D";"Despesas Miúdas - Suplementação Contra de Água";"S3011130";"06/06/2006 11:19"
"325,000000";"7,000000";"D";"Despesas Miúdas - Valor de Cópias Reprográficas";"NUNO";"03/09/2008 09:31"
"330,000000";"20,000000";"D";"teste 123";"AUGUSTO";"09/02/2007 14:37"
"331,000000";"34,000000";"D";"Inscrição de Cursos Diversos - 10%";"JOAOCARLOS";"12/02/2007 14:47"
"332,000000";"34,000000";"O";"Of. Tesouraria";"JOAOCARLOS";"12/02/2007 14:48"
"333,000000";"34,000000";"D";"Recolhimento Diversos";"JOAOCARLOS";"12/02/2007 14:48"
"335,000000";"34,000000";"D";"Anul. Parc. Guia Recol. nº";"JOAOCARLOS";"12/02/2007 15:02"
"336,000000";"34,000000";"O";"Guia de Recolhimento nº";"JOAOCARLOS";"12/02/2007 15:04"
"337,000000";"34,000000";"O";"Recolhimentos Diversos";"JOAOCARLOS";"12/02/2007 15:46"
"338,000000";"34,000000";"O";"Requisição nº";"JOAOCARLOS";"12/02/2007 16:40"
"339,000000";"34,000000";"D";"Transf. Saldo do Exercício Anterior";"JOAOCARLOS";"12/02/2007 16:44"
"340,000000";"27,000000";"O";"Proc. nº";"JOAOCARLOS";"13/02/2007 14:49"
"341,000000";"27,000000";"O";"Requisição nº";"JOAOCARLOS";"13/02/2007 14:49"
"342,000000";"27,000000";"D";"Despesas com";"JOAOCARLOS";"13/02/2007 15:22"
"343,000000";"28,000000";"D";"Despesas com";"JOAOCARLOS";"13/02/2007 15:22"
"344,000000";"28,000000";"O";"Requisição nº";"JOAOCARLOS";"13/02/2007 15:22"
"345,000000";"29,000000";"O";"Requisição nº";"JOAOCARLOS";"13/02/2007 15:23"
"346,000000";"30,000000";"O";"Requisição nº";"JOAOCARLOS";"13/02/2007 15:23"
"347,000000";"8,000000";"D";"Despesas com Serviços Postais - ADM";"RETOMA";"16/02/2007 11:20"
"348,000000";"8,000000";"D";"Suplementação Despesas com Galões de Água";"RETOMA";"16/02/2007 11:21"
"349,000000";"8,000000";"D";"Despesas com Serviços Postais - Publicações";"RETOMA";"16/02/2007 11:37"
"350,000000";"34,000000";"D";"Despesas com";"JOAOCARLOS";"13/03/2007 10:25"
"351,000000";"30,000000";"D";"Despesas com curso";"JOAOCARLOS";"21/03/2007 14:45"
"352,000000";"30,000000";"D";"Despesas com Diárias";"JOAOCARLOS";"21/03/2007 14:45"
"353,000000";"30,000000";"D";"Despesas com inscrição de curso";"JOAOCARLOS";"21/03/2007 14:49"
"354,000000";"24,000000";"D";"Suplementação de  Guia de Recolhimento Overhead";"RETOMA";"23/03/2007 09:35"
"355,000000";"34,000000";"D";"Empenho Ordinário:";"NUNO";"27/03/2007 11:03"
"356,000000";"34,000000";"O";"Processo nº";"NUNO";"27/03/2007 11:05"
"357,000000";"26,000000";"D";"Despesas com Almoxarifado";"JOAOCARLOS";"04/05/2007 10:01"
"358,000000";"26,000000";"O";"Ref. Abril/2018";"NUNO";"24/01/2018 09:38"
"359,000000";"34,000000";"D";"Pagamento de Monitor-Bolsista";"JOAOCARLOS";"04/05/2007 16:33"
"360,000000";"34,000000";"O";"Ref. Janeiro/2018";"NUNO";"24/01/2018 10:20"
"361,000000";"8,000000";"O";"Suplementação Combustíveis Excursão Didática";"RETOMA";"28/01/2008 06:46"
"362,000000";"5,000000";"D";"Inglês -";"RETOMA";"28/01/2008 14:01"
"363,000000";"5,000000";"D";"Francês -";"RETOMA";"28/01/2008 14:01"
"364,000000";"5,000000";"D";"Italiano -";"RETOMA";"28/01/2008 14:01"
"365,000000";"5,000000";"D";"Espanhol -";"RETOMA";"28/01/2008 14:02"
"366,000000";"5,000000";"D";"Alemão -";"RETOMA";"28/01/2008 14:03"
"368,000000";"5,000000";"D";"Despesas com Xerox - Valor Estimado";"GOLIM";"01/02/2008 14:04"
"369,000000";"5,000000";"D";"Despesas com Xerox - Valor Estimado (Estorno)";"GOLIM";"01/02/2008 14:05"
"370,000000";"5,000000";"D";"Despesas com Xerox - Valor Real";"GOLIM";"01/02/2008 14:06"
"371,000000";"7,000000";"D";"Despesas Miúdas  - Valor de Cópias Reprográficas Estimado";"NUNO";"03/09/2008 09:29"
"372,000000";"7,000000";"D";"Despesas Miúdas  - Valor de Cópias Reprográficas Estimado (Estorno)";"NUNO";"03/09/2008 09:30"
"373,000000";"26,000000";"O";"Ref. Janeiro/2018";"NUNO";"24/01/2018 09:41"
"374,000000";"7,000000";"D";"Requisição nº";"GOLIM";"11/02/2008 08:17"
"375,000000";"8,000000";"D";"Requisição nº";"GOLIM";"11/02/2008 08:18"
"377,000000";"24,000000";"D";"Despesas Miúdas -";"RETOMA";"14/02/2008 07:00"
"378,000000";"24,000000";"D";"Despesas Miúdas - Empenho Ordinário";"RETOMA";"22/02/2008 09:08"
"379,000000";"24,000000";"D";"Despesas Miúdas - Reserva";"RETOMA";"22/02/2008 09:09"
"382,000000";"24,000000";"D";"Despesas Miúdas - Estorno da Reserva";"NUNO";"14/05/2012 15:06"
"383,000000";"24,000000";"D";"Suplementação de Guia de Recolhimento Fundo S/Conv. Unidade";"NUNO";"19/03/2009 10:33"
"384,000000";"24,000000";"D";"Suplementação de Vendas - EDUSP";"NUNO";"19/03/2009 13:34"
"385,000000";"24,000000";"D";"Suplementação de Direitos Autorais";"NUNO";"22/04/2009 14:39"
"386,000000";"24,000000";"D";"Suplementação de 5% Cursos de Extensão (Proceu)";"NUNO";"28/07/2009 16:10"
"387,000000";"24,000000";"D";"Suplementação de Devolução Cessação Estagiários";"NUNO";"04/03/2010 11:01"
"388,000000";"40,000000";"D";"Manutenção de equipamentos";"FALEIRO";"15/09/2010 12:26"
"389,000000";"40,000000";"D";"Funcionamento de laboratórios de ensino e de pesquisa";"FALEIRO";"21/09/2010 12:09"
"390,000000";"40,000000";"D";"Produção de material didático-instrucional e publicação de artigos científicos";"FALEIRO";"21/09/2010 12:10"
"391,000000";"40,000000";"D";"Aquisição de novas tecnologias de informática";"FALEIRO";"21/09/2010 12:10"
"392,000000";"40,000000";"D";"Realização de eventos técnico-científicos em programas de Pós-Graduação";"FALEIRO";"21/09/2010 12:11"
"393,000000";"40,000000";"D";"Participação de professores convidados em bancas examinadoras de dissertações, teses e exame de qualificação";"FALEIRO";"21/09/2010 12:11"
"394,000000";"40,000000";"D";"Participação de Coordenadores de Programas de Pós-Graduação em Eventos no País";"FALEIRO";"21/09/2010 12:11"
"395,000000";"40,000000";"D";"Participação de professores em eventos científicos no país";"FALEIRO";"21/09/2010 12:11"
"396,000000";"40,000000";"D";"Participação de professores em eventos científicos no exterior";"FALEIRO";"21/09/2010 12:12"
"397,000000";"40,000000";"D";"Participação de alunos em eventos no país";"FALEIRO";"21/09/2010 12:12"
"398,000000";"40,000000";"D";"Participação de alunos de doutorado em eventos no exterior";"FALEIRO";"21/09/2010 12:12"
"399,000000";"40,000000";"D";"Participação de alunos de mestrado em eventos na América Latina";"FALEIRO";"21/09/2010 12:12"
"400,000000";"40,000000";"D";"Participação de professores visitantes nos programas";"FALEIRO";"21/09/2010 12:13"
"401,000000";"40,000000";"D";"Participação de professores e alunos em trabalhos de campo e coleta de dados no país";"FALEIRO";"21/09/2010 12:13"
"402,000000";"40,000000";"O";"Serviço Pessoa Jurídica;  credor   :  cpf/cnpj ; cheque ; data pagto ; tipo doc ; data doc";"FALEIRO";"21/09/2010 12:27"
"403,000000";"24,000000";"D";"Pagamento de Diárias:";"NUNO";"22/02/2011 14:30"
"404,000000";"24,000000";"D";"Suplementação Devolução Adiantamentos Exercício Anterior";"NUNO";"21/03/2012 15:48"
"405,000000";"24,000000";"D";"Suplementação Reembolso de Passagens Aéreas - Outras Unidades";"NUNO";"22/06/2012 09:45"
"406,000000";"10,000000";"D";"Suplementação Reembolso de Passagens Aéreas - Outras Unidades";"NUNO";"22/06/2012 09:45"
"407,000000";"24,000000";"D";"Adiantamento Tesouraria -";"NUNO";"20/03/2013 14:28"
"408,000000";"11,000000";"D";"Despesas com Almoxarifado";"NUNO";"27/09/2013 08:58"
"409,000000";"24,000000";"D";"Adiantamento  333600 -";"NUNO";"13/12/2013 09:09"
"410,000000";"24,000000";"D";"Adiantamento  333900 -";"NUNO";"13/12/2013 09:09"
"411,000000";"8,000000";"D";"Despesas com Cópias Reprográficas - Canon";"NUNO";"03/04/2014 14:43"
"412,000000";"4,000000";"D";"Despesas com Cópias Reprográficas - Canon";"NUNO";"17/02/2017 15:15"
"413,000000";"7,000000";"D";"Despesas Miúdas - Cópias Reprográficas - Canon";"NUNO";"03/04/2014 14:44"
"414,000000";"24,000000";"D";"Suplementação de Guia de Recolhimento Devolução de Auxílio";"NUNO";"16/10/2014 14:02"
"415,000000";"24,000000";"D";"Suplementação de Guia de Recolhimento Cursos";"NUNO";"24/02/2015 10:08"
"416,000000";"24,000000";"D";"Suplementação de Guia de Recolhimento Convênios Entidades Privadas";"NUNO";"03/02/2016 10:35"
"417,000000";"26,000000";"O";"Ref. Fevereiro/2018";"NUNO";"24/01/2018 09:39"
"418,000000";"26,000000";"O";"Ref. Março/2018";"NUNO";"24/01/2018 09:42"
"419,000000";"26,000000";"O";"Ref. Maio/2018";"NUNO";"24/01/2018 09:42"
"420,000000";"26,000000";"O";"Ref. Junho/2018";"NUNO";"24/01/2018 09:42"
"421,000000";"26,000000";"O";"Ref. Julho/2018";"NUNO";"24/01/2018 09:41"
"422,000000";"26,000000";"O";"Ref. Agosto/2018";"NUNO";"24/01/2018 09:39"
"423,000000";"26,000000";"O";"Ref. Setembro/2018";"NUNO";"24/01/2018 09:43"
"424,000000";"26,000000";"O";"Ref. Outubro/2018";"NUNO";"24/01/2018 09:43"
"425,000000";"26,000000";"O";"Ref. Novembro/2018";"NUNO";"24/01/2018 09:43"
"426,000000";"26,000000";"O";"Ref. Dezembro/2018";"NUNO";"24/01/2018 09:39"
"427,000000";"34,000000";"O";"Ref. Fevereiro/2018";"NUNO";"24/01/2018 10:20"
"428,000000";"34,000000";"O";"Ref. Março/2018";"NUNO";"24/01/2018 10:21"
"429,000000";"34,000000";"O";"Ref. Abril/2018";"NUNO";"24/01/2018 10:19"
"430,000000";"34,000000";"O";"Ref. Maio/2018";"NUNO";"24/01/2018 10:21"
"431,000000";"34,000000";"O";"Ref. Junho/2018";"NUNO";"24/01/2018 10:21"
"432,000000";"34,000000";"O";"Ref. Julho/2018";"NUNO";"24/01/2018 10:20"
"433,000000";"34,000000";"O";"Ref. Agosto/2018";"NUNO";"24/01/2018 10:19"
"434,000000";"34,000000";"O";"Ref. Setembro/2018";"NUNO";"24/01/2018 10:22"
"435,000000";"34,000000";"O";"Ref. Outubro/2018";"NUNO";"24/01/2018 10:21"
"436,000000";"34,000000";"O";"Ref. Novembro/2018";"NUNO";"24/01/2018 10:21"
"437,000000";"34,000000";"O";"Ref. Dezembro/2018";"NUNO";"24/01/2018 10:19"
"438,000000";"11,000000";"O";"Ref. Janeiro/2018";"NUNO";"24/01/2018 10:12"
"439,000000";"11,000000";"O";"Ref. Fevereiro/2018";"NUNO";"24/01/2018 10:11"
"440,000000";"11,000000";"O";"Ref. Março/2018";"NUNO";"24/01/2018 10:13"
"441,000000";"11,000000";"O";"Ref. Abril/2018";"NUNO";"24/01/2018 10:10"
"442,000000";"11,000000";"O";"Ref. Maio/2018";"NUNO";"24/01/2018 10:13"
"443,000000";"11,000000";"O";"Ref. Junho/2018";"NUNO";"24/01/2018 10:12"
"444,000000";"11,000000";"O";"Ref. Julho/2018";"NUNO";"24/01/2018 10:12"
"445,000000";"11,000000";"O";"Ref. Agosto/2018";"NUNO";"24/01/2018 10:11"
"446,000000";"11,000000";"O";"Ref. Setembro/2018";"NUNO";"24/01/2018 10:14"
"447,000000";"11,000000";"O";"Ref. Outubro/2018";"NUNO";"24/01/2018 10:13"
"448,000000";"11,000000";"O";"Ref. Novembro/2018";"NUNO";"24/01/2018 10:13"
"449,000000";"11,000000";"O";"Ref. Dezembro/2018";"NUNO";"24/01/2018 10:11"
